"Project","Replication","Lab","T_N","C_N","T_M","SE_T_M","C_M","SE_C_M","T_SD","SE_T_SD","C_SD","SE_C_SD","MD","SE_MD","pooled_SD","SE_pooled_SD","SMD","SE_SMD"
"Multi_Lab_1","Rep_B","Lab_A",5,5,-3.2,3.07245829914744,-1,1.26491106406735,6.87022561492707,2.42899156029822,2.82842712474619,1,-2.2,3.32264954516723,5.25357021462548,1.23827837473378,-0.378018614571744,0.577143159970157
"Multi_Lab_1","Rep_B","Lab_B",5,5,-5,2.16794833886788,0.8,1.82756668824971,4.84767985741633,1.71391365010026,4.08656334834051,1.44481832767999,-5.8,2.83548937575157,4.48330235429198,1.05672449894316,-1.16781758658568,0.627805080601569
"Multi_Lab_1","Rep_B","Lab_C",5,5,-6.2,2.6343879744639,5,0.447213595499958,5.89067059000926,2.08266655996585,1,0.353553390593274,-11.2,2.67207784317748,4.22492603485552,0.99582461641931,-2.39300694349825,0.782479031689504
"Multi_Lab_1","Rep_B","Lab_D",5,5,1.2,3.02324329156619,6.4,2.13541565040626,6.76017751246223,2.39008368054342,4.77493455452533,1.68819430161341,-5.2,3.70135110466435,5.85234995535981,1.3794121131039,-0.802080766003805,0.59842794153671
"Multi_Lab_1","Rep_B","Lab_E",5,5,-1,1.54919333848297,-0.6,0.4,3.46410161513775,1.22474487139159,0.894427190999916,0.316227766016838,-0.4,1.6,2.5298221281347,0.596284793999944,-0.142729929292222,0.571811083390301
