"Project","Replication","Lab","T_N","C_N","T_M","SE_T_M","C_M","SE_C_M","T_SD","SE_T_SD","C_SD","SE_C_SD","MD","SE_MD","pooled_SD","SE_pooled_SD","SMD","SE_SMD"
"Multi_Lab_2","Rep_D","Lab_F",5,5,-5.6,0.678232998312527,2,1.58113883008419,1.51657508881031,0.53619026473818,3.53553390593274,1.25,-7.6,1.72046505340853,2.72029410174709,0.641179468722378,-2.52198662326054,0.802477507377906
"Multi_Lab_2","Rep_D","Lab_G",5,5,-3.2,2.26715680975093,-3.6,3.29545141065682,5.06951674225463,1.79234483289349,7.36885337077622,2.60528309402261,0.4,4,6.32455532033676,1.49071198499986,0.0570919717168887,0.571062429261397
"Multi_Lab_2","Rep_D","Lab_H",5,5,2.4,2.94278779391243,3.2,1.59373774505092,6.58027355054484,2.32647802482637,3.56370593624109,1.25996031683542,-0.800000000000001,3.3466401061363,5.29150262212918,1.24721912892465,-0.136475915918671,0.571734735024464
"Multi_Lab_2","Rep_D","Lab_I",5,5,-2.4,1.28840987267251,-2.2,2.22261107708929,2.88097205817759,1.01857743937317,4.96990945591567,1.75712833908056,-0.2,2.56904651573303,4.06201920231798,0.957427107756338,-0.0444460397016974,0.571006213604073
"Multi_Lab_2","Rep_D","Lab_J",5,5,1,2.56904651573303,-1,0.707106781186548,5.74456264653803,2.03100960115899,1.58113883008419,0.559016994374947,2,2.66458251889485,4.21307488658818,0.993031273984416,0.428524703679044,0.578904996122302
