"Project","Replication","Lab","T_N","C_N","T_M","SE_T_M","C_M","SE_C_M","T_SD","SE_T_SD","C_SD","SE_C_SD","MD","SE_MD","pooled_SD","SE_pooled_SD","SMD","SE_SMD"
"Multi_Lab_2","Rep_C","Lab_F",5,5,-0.6,1.86010752377383,-2.8,3.27719392163479,4.15932686861708,1.47054411698527,7.3280283842245,2.59084928160632,2.2,3.76828873628335,5.95818764390649,1.40435829552939,0.333313996265148,0.575764044081874
"Multi_Lab_2","Rep_C","Lab_G",5,5,0.2,2.00997512422418,-1.2,1.77200451466693,4.49444101084885,1.58902485820707,3.96232255123179,1.40089257261219,1.4,2.67955220139485,4.23674403286297,0.998610145263016,0.298291484532516,0.574802760901017
"Multi_Lab_2","Rep_C","Lab_H",5,5,3.6,3.90640499692492,0.8,1.49666295470958,8.73498712076898,3.08828431333645,3.3466401061363,1.18321595661992,2.8,4.18330013267038,6.61437827766148,1.55902391115581,0.382132564572278,0.577278605438943
"Multi_Lab_2","Rep_C","Lab_I",5,5,2.2,4.31740662898458,-0.6,0.92736184954957,9.65401470891774,3.4132096331752,2.07364413533277,0.733143914930759,2.8,4.41588043316392,6.98212002188447,1.64570147151096,0.362005999090769,0.576629639041462
"Multi_Lab_2","Rep_C","Lab_J",5,5,-3,1.94935886896179,0.8,0.969535971483266,4.35889894354067,1.54110350074224,2.16794833886788,0.766485485837795,-3.8,2.17715410570772,3.4423828956117,0.811377429642539,-0.996482021899196,0.612860624000773
