"Project","Replication","Lab","T_N","C_N","T_M","SE_T_M","C_M","SE_C_M","T_SD","SE_T_SD","C_SD","SE_C_SD","MD","SE_MD","pooled_SD","SE_pooled_SD","SMD","SE_SMD"
"Multi_Lab_1","Rep_A","Lab_A",5,5,1,1.48323969741913,2.4,1.9131126469709,3.3166247903554,1.17260393995586,4.27784992724149,1.51244834622542,-1.4,2.42074368738204,3.82753184180093,0.902157906848291,-0.330182665848794,0.575673825263536
"Multi_Lab_1","Rep_A","Lab_B",5,5,2.4,2.78567765543682,-3.4,1.72046505340853,6.22896460095898,2.20227155455452,3.84707681233427,1.36014705087354,5.8,3.27414110874898,5.17687164221791,1.22020034784821,1.01135969696944,0.614077963523287
"Multi_Lab_1","Rep_A","Lab_C",5,5,-0.6,2.71293199325011,4,2.70185121722126,6.06630035524124,2.14476105895272,6.04152298679729,2.13600093632938,-4.6,3.82883794381533,6.05392434706612,1.42692365286693,-0.685908032022874,0.591162257651718
"Multi_Lab_1","Rep_A","Lab_D",5,5,0,2.25831795812724,-1,2.04939015319192,5.04975246918104,1.78535710713571,4.58257569495584,1.62018517460196,1,3.04959013639538,4.82182538049648,1.13651514141549,0.187211950338912,0.5724523903083
"Multi_Lab_1","Rep_A","Lab_E",5,5,1.4,0.979795897113271,2.8,3.05614135798722,2.19089023002066,0.774596669241483,6.83373982530795,2.41609188566991,-1.4,3.20936130717624,5.07444578254611,1.19605834120061,-0.249048806767006,0.573629313110658
